<auditSubscribers>
	<MSISDN>11234567893</MSISDN>
    <OperationType>ADD</OperationType>
    <ServiceIndication>VM_SUBPROFILE</ServiceIndication>
    </auditSubscribers>
<auditSubscribers>
	<MSISDN>11234567894</MSISDN>
    <OperationType>DELETE</OperationType>
    <ServiceIndication>VM_SUBPROFILE</ServiceIndication>
    </auditSubscribers>
<auditSubscribers>
	<MSISDN>11234567895</MSISDN>
    <OperationType>ADD</OperationType>
    <ServiceIndication>VM_SUBPROFILE</ServiceIndication>
    </auditSubscribers>
<auditSubscribers>
	<MSISDN>11234567897</MSISDN>
    <OperationType>DELETE</OperationType>
    <ServiceIndication>VM_SUBPROFILE</ServiceIndication>
    </auditSubscribers>
<auditSubscribers>
	<MSISDN>11234567894</MSISDN>
    <OperationType>ADD</OperationType>
    <ServiceIndication>VM_SUBPROFILE</ServiceIndication>
    </auditSubscribers>
<auditSubscribers>
	<MSISDN>11234567890</MSISDN>
    <OperationType>DELETE</OperationType>
    <ServiceIndication>SMS_SUBPROFILE</ServiceIndication>
    </auditSubscribers>
<auditSubscribers>
	<MSISDN>11234567893</MSISDN>
    <OperationType>ADD</OperationType>
    <ServiceIndication>SMS_SUBPROFILE</ServiceIndication>
    </auditSubscribers>
<auditSubscribers>
	<MSISDN>11234567894</MSISDN>
    <OperationType>DELETE</OperationType>
    <ServiceIndication>SMS_SUBPROFILE</ServiceIndication>
    </auditSubscribers>