11234567890,DELETE,VM_SUBPROFILE,20200416225407219+0530,SUCCESS
11234567893,ADD,VM_SUBPROFILE,20200416225344954+0530,SUCCESS
11234567894,DELETE,VM_SUBPROFILE,20200416225407219+0530,SUCCESS
11234567895,ADD,VM_SUBPROFILE,20200416225344954+0530,SUCCESS
11234567897,DELETE,VM_SUBPROFILE,20200416225407219+0530,SUCCESS
11234567894,ADD,VM_SUBPROFILE,20200416225344954+0530,SUCCESS
11234567890,DELETE,SMS_SUBPROFILE,20200416225407219+0530,SUCCESS
11234567893,ADD,SMS_SUBPROFILE,20200416225344954+0530,SUCCESS
11234567894,DELETE,SMS_SUBPROFILE,20200416225407219+0530,SUCCESS
